<?xml version="1.0" encoding="UTF-8"?>

<channel name="thunar" version="1.0">
  <property name="last-view" type="string" value="ThunarIconView"/>
  <property name="last-icon-view-zoom-level" type="string" value="THUNAR_ZOOM_LEVEL_100_PERCENT"/>
  <property name="last-window-width" type="int" value="844"/>
  <property name="last-window-height" type="int" value="530"/>
  <property name="last-window-maximized" type="bool" value="false"/>
  <property name="last-separator-position" type="int" value="171"/>
  <property name="misc-single-click" type="bool" value="false"/>
  <property name="last-show-hidden" type="bool" value="true"/>
  <property name="misc-text-beside-icons" type="bool" value="false"/>
  <property name="misc-thumbnail-draw-frames" type="bool" value="false"/>
</channel>
